Ciy,Postal Code,Country
Paris,75462,Texas
33.68/-95.491,,
Beverly Hills,90210,California
34.09/-118.406,,
Seattle,98104,Washington
47.604/-122.326,,
New York,10001,New York
40.748/-73.997,,
New York,10002,New York
40.715/-73.988,,
New York,10003,New York
40.731/-73.989,,
New York,10004,New York
40.714/-74.006,,
New York,10005,New York
40.706/-74.008,,
New York,10007,New York
40.714/-74.007,,
New York,10010,New York
40.737/-73.981,,
New York,10011,New York
40.74/-74,,
New York,10012,New York
40.726/-73.998,,
New York,10013,New York
40.719/-74.003,,
New York,10014,New York
40.734/-74.005,,
New York,10016,New York
40.744/-73.978,,
New York,10017,New York
40.752/-73.971,,
New York,10018,New York
40.755/-73.993,,
New York,10019,New York
40.765/-73.986,,
New York,10020,New York
40.735/-73.997,,
New York,10021,New York
40.768/-73.959,,
New York,10022,New York
40.757/-73.966,,
New York,10023,New York
40.776/-73.983,,
New York,10024,New York
40.786/-73.976,,
New York,10025,New York
40.797/-73.968,,
New York,10028,New York
40.776/-73.953,,
New York,10036,New York
40.76/-73.992,,
New York,10038,New York
40.71/-74.001,,
New York,10065,New York
40.765/-73.964,,
New York,10128,New York
40.782/-73.951,,
Ardsley,10502,New York
41.011/-73.841,,
Bedford,10506,New York
41.191/-73.636,,
Croton On Hudson,10520,New York
41.218/-73.892,,
Irvington,10533,New York
41.038/-73.86,,
Mount Vernon,10550,New York
40.908/-73.838,,
Mount Vernon,10551,New York
40.913/-73.837,,
Mount Vernon,10552,New York
40.923/-73.83,,
Scarsdale,10583,New York
40.993/-73.799,,
Yorktown Heights,10598,New York
41.3/-73.792,,
White Plains,10601,New York
41.033/-73.765,,
White Plains,10603,New York
41.05/-73.778,,
White Plains,10605,New York
41.014/-73.755,,
Yonkers,10701,New York
40.946/-73.867,,
Yonkers,10704,New York
40.918/-73.859,,
New Rochelle,10801,New York
40.917/-73.788,,
Philadelphia,19147,Pennsylvania
39.936/-75.156,,
Washington,20005,District of Columbia
38.907/-77.031,,
Washington,20007,District of Columbia
38.914/-77.074,,
Washington,20036,District of Columbia
38.909/-77.041,,
Rockville,20850,Maryland
39.087/-77.168,,
Baltimore,21201,Maryland
39.295/-76.625,,
Hagerstown,21740,Maryland
39.632/-77.737,,
Arlington,22201,Virginia
38.887/-77.093,,
Alexandria,22314,Virginia
38.806/-77.053,,
Williamsburg,23185,Virginia
37.273/-76.732,,
Virginia Beach,23451,Virginia
36.858/-76.002,,
Iron Station,28080,North Carolina
35.466/-81.107,,
Lincolnton,28092,North Carolina
35.485/-81.182,,
Charlotte,28262,North Carolina
35.318/-80.748,,
Alpharetta,30004,Georgia
34.112/-84.302,,
Alpharetta,30005,Georgia
34.078/-84.228,,
Conyers,30013,Georgia
33.644/-83.968,,
Alpharetta,30022,Georgia
34.027/-84.242,,
Marietta,30067,Georgia
33.928/-84.473,,
Roswell,30075,Georgia
34.041/-84.386,,
Stone Mountain,30083,Georgia
33.794/-84.202,,
Tucker,30084,Georgia
33.857/-84.216,,
Duluth,30096,Georgia
33.985/-84.153,,
Duluth,30097,Georgia
34.026/-84.147,,
Kennesaw,30144,Georgia
34.029/-84.605,,
Atlanta,30303,Georgia
33.753/-84.389,,
Atlanta,30305,Georgia
33.832/-84.385,,
Atlanta,30308,Georgia
33.772/-84.376,,
Atlanta,30309,Georgia
33.798/-84.388,,
Atlanta,30313,Georgia
33.768/-84.394,,
Atlanta,30318,Georgia
33.786/-84.445,,
Atlanta,30324,Georgia
33.821/-84.355,,
Atlanta,30328,Georgia
33.934/-84.396,,
Atlanta,30329,Georgia
33.824/-84.321,,
Atlanta,30339,Georgia
33.871/-84.463,,
Atlanta,30342,Georgia
33.884/-84.376,,
Daytona Beach,32118,Florida
29.222/-81.009,,
Jacksonville,32207,Florida
30.291/-81.632,,
Jacksonville,32216,Florida
30.279/-81.583,,
Jacksonville,32218,Florida
30.451/-81.663,,
Jacksonville,32256,Florida
30.221/-81.557,,
Tallahassee,32301,Florida
30.429/-84.259,,
Tallahassee,32303,Florida
30.487/-84.319,,
Panama City,32401,Florida
30.161/-85.649,,
Panama City,32408,Florida
30.166/-85.712,,
Destin,32541,Florida
30.395/-86.469,,
Gainesville,32601,Florida
29.649/-82.325,,
Gainesville,32608,Florida
29.613/-82.387,,
Alachua,32615,Florida
29.813/-82.472,,
Titusville,32780,Florida
28.57/-80.819,,
Orlando,32801,Florida
28.54/-81.373,,
Orlando,32808,Florida
28.58/-81.44,,
Orlando,32809,Florida
28.464/-81.395,,
Orlando,32812,Florida
28.5/-81.329,,
Orlando,32817,Florida
28.589/-81.228,,
Orlando,32819,Florida
28.452/-81.468,,
Orlando,32821,Florida
28.396/-81.467,,
Orlando,32822,Florida
28.494/-81.29,,
Orlando,32826,Florida
28.583/-81.191,,
Orlando,32836,Florida
28.412/-81.525,,
Orlando,32837,Florida
28.395/-81.418,,
Melbourne,32901,Florida
28.069/-80.62,,
Cocoa,32926,Florida
28.391/-80.787,,
Cocoa Beach,32931,Florida
28.332/-80.612,,
Merritt Island,32952,Florida
28.276/-80.657,,
Dania,33004,Florida
26.048/-80.145,,
Hallandale,33009,Florida
25.985/-80.141,,
Hialeah,33012,Florida
25.865/-80.306,,
Hialeah,33013,Florida
25.859/-80.273,,
Hialeah,33016,Florida
25.88/-80.337,,
Hollywood,33019,Florida
26.007/-80.122,,
Hollywood,33020,Florida
26.016/-80.152,,
Hollywood,33021,Florida
26.022/-80.189,,
Homestead,33030,Florida
25.477/-80.484,,
Key West,33040,Florida
24.555/-81.782,,
Pompano Beach,33060,Florida
26.232/-80.123,,
Pompano Beach,33062,Florida
26.234/-80.094,,
Pompano Beach,33069,Florida
26.229/-80.163,,
Miami,33122,Florida
25.8/-80.281,,
Miami,33125,Florida
25.783/-80.234,,
Miami,33126,Florida
25.776/-80.292,,
Miami,33127,Florida
25.814/-80.205,,
Miami,33129,Florida
25.756/-80.201,,
Miami,33130,Florida
25.767/-80.206,,
Miami,33131,Florida
25.763/-80.19,,
Miami,33132,Florida
25.787/-80.18,,
Miami,33133,Florida
25.738/-80.225,,
Miami,33136,Florida
25.786/-80.204,,
Miami,33137,Florida
25.816/-80.19,,
Miami,33138,Florida
25.852/-80.182,,
Miami Beach,33139,Florida
25.787/-80.156,,
Miami Beach,33140,Florida
25.82/-80.134,,
Miami Beach,33141,Florida
25.849/-80.145,,
Miami,33142,Florida
25.813/-80.232,,
Miami,33143,Florida
25.702/-80.298,,
Miami,33145,Florida
25.754/-80.225,,
Miami,33150,Florida
25.851/-80.207,,
Miami,33156,Florida
25.668/-80.297,,
Miami,33161,Florida
25.893/-80.176,,
Miami,33166,Florida
25.83/-80.293,,
Miami,33169,Florida
25.944/-80.214,,
Miami,33172,Florida
25.774/-80.357,,
Miami,33173,Florida
25.699/-80.362,,
Miami,33175,Florida
25.734/-80.407,,
Miami,33176,Florida
25.657/-80.363,,
Miami,33178,Florida
25.814/-80.355,,
Miami,33179,Florida
25.957/-80.181,,
Miami,33181,Florida
25.897/-80.157,,
Miami,33184,Florida
25.757/-80.403,,
Miami,33186,Florida
25.669/-80.409,,
Fort Lauderdale,33301,Florida
26.122/-80.129,,
Fort Lauderdale,33304,Florida
26.139/-80.122,,
Fort Lauderdale,33305,Florida
26.15/-80.123,,
Fort Lauderdale,33306,Florida
26.166/-80.112,,
Fort Lauderdale,33308,Florida
26.098/-80.182,,
Fort Lauderdale,33309,Florida
26.182/-80.175,,
Fort Lauderdale,33312,Florida
26.097/-80.181,,
Fort Lauderdale,33315,Florida
26.099/-80.154,,
Fort Lauderdale,33316,Florida
26.104/-80.126,,
Fort Lauderdale,33334,Florida
26.185/-80.134,,
West Palm Beach,33401,Florida
26.716/-80.068,,
West Palm Beach,33407,Florida
26.749/-80.072,,
Boca Raton,33431,Florida
26.38/-80.097,,
Boca Raton,33432,Florida
26.346/-80.084,,
Deerfield Beach,33441,Florida
26.31/-80.099,,
Deerfield Beach,33442,Florida
26.312/-80.141,,
Jupiter,33458,Florida
26.934/-80.12,,
Palm Beach,33480,Florida
26.721/-80.039,,
Boca Raton,33487,Florida
26.412/-80.093,,
Brandon,33510,Florida
27.955/-82.297,,
Lutz,33548,Florida
28.139/-82.482,,
Lutz,33549,Florida
28.137/-82.461,,
Plant City,33566,Florida
28.009/-82.114,,
Ruskin,33570,Florida
27.702/-82.436,,
Valrico,33594,Florida
27.941/-82.242,,
Tampa,33601,Florida
27.996/-82.582,,
Tampa,33602,Florida
27.961/-82.46,,
Tampa,33603,Florida
27.985/-82.463,,
Tampa,33604,Florida
28.017/-82.458,,
Tampa,33605,Florida
27.967/-82.433,,
Tampa,33606,Florida
27.948/-82.458,,
Tampa,33607,Florida
27.963/-82.49,,
Tampa,33609,Florida
27.942/-82.506,,
Tampa,33610,Florida
27.995/-82.405,,
Tampa,33611,Florida
27.891/-82.507,,
Tampa,33612,Florida
28.05/-82.45,,
Tampa,33613,Florida
28.077/-82.446,,
Tampa,33614,Florida
28.009/-82.503,,
Tampa,33615,Florida
28.008/-82.58,,
Tampa,33616,Florida
27.874/-82.52,,
Tampa,33618,Florida
28.076/-82.485,,